model,layer,out_channels,in_channels,kernel_size,rank_out,rank_in,accuracy,accuracy_drop,model_params,parameter_reduction,reconstruction_error,latency_ms,throughput_img_s,memory_mb,latency_change,throughput_change,memory_change
resnet18,conv1,64,3,7x7,64,3,69.762,0.0,11689512,0.0,0.0,386.57488629978616,331.1130767577511,911.8154296875,0.0,0.0,0.0
resnet18,conv1,64,3,7x7,48,2,62.67,7.091999999999999,11689512,0.0,0.2830711007118225,387.4321732990211,330.3804093244711,911.8154296875,0.22176479373523234,-0.22127408571545548,0.0
resnet18,conv1,64,3,7x7,32,1,51.74,18.022,11689512,0.0,0.4793332815170288,387.0561577990884,330.7013657342244,911.8154296875,0.1244963178826406,-0.1243415172720395,0.0
resnet18,conv1,64,3,7x7,24,1,48.042,21.72,11689512,0.0,0.4845488965511322,387.2964320005849,330.4962024535426,911.8154296875,0.18665095079124946,-0.1863032140708354,0.0
resnet18,layer1.0.conv1,64,64,3x3,64,64,69.762,0.0,11689512,0.0,0.0,386.57488629978616,331.1130767577511,911.8154296875,0.0,0.0,0.0
resnet18,layer1.0.conv1,64,64,3x3,48,48,69.23,0.5319999999999965,11689512,0.0,0.190736323595047,384.9917109007947,332.47469069011527,911.8154296875,-0.4095391229744039,0.41122324303740326,0.0
resnet18,layer1.0.conv1,64,64,3x3,32,32,66.296,3.465999999999994,11689512,0.0,0.36726078391075134,384.9276059976546,332.5300602128804,911.8154296875,-0.4261219133759491,0.42794548285569256,0.0
resnet18,layer1.0.conv1,64,64,3x3,24,24,60.692,9.07,11689512,0.0,0.47167980670928955,385.0008303998038,332.46681537564086,911.8154296875,-0.4071800718998779,0.40884480647684246,0.0
resnet18,layer1.0.conv2,64,64,3x3,64,64,69.762,0.0,11689512,0.0,0.0,386.57488629978616,331.1130767577511,911.8154296875,0.0,0.0,0.0
resnet18,layer1.0.conv2,64,64,3x3,48,48,69.656,0.10599999999999454,11689512,0.0,0.2851274013519287,384.8839226004202,332.5678015729625,911.8154296875,-0.43742202592401086,0.43934381252953936,0.0
resnet18,layer1.0.conv2,64,64,3x3,32,32,68.49,1.2720000000000056,11689512,0.0,0.48932379484176636,385.3306534991134,332.1822409861678,911.8154296875,-0.32186074283880617,0.32290003127811157,0.0
resnet18,layer1.0.conv2,64,64,3x3,24,24,65.138,4.623999999999995,11689512,0.0,0.6023050546646118,384.74303929833695,332.6895796047044,911.8154296875,-0.4738660131244584,0.47612219438458003,0.0
resnet18,layer1.1.conv1,64,64,3x3,64,64,69.762,0.0,11689512,0.0,0.0,386.57488629978616,331.1130767577511,911.8154296875,0.0,0.0,0.0
resnet18,layer1.1.conv1,64,64,3x3,48,48,68.948,0.8140000000000072,11689512,0.0,0.29426291584968567,384.8040229000617,332.63685508101656,911.8154296875,-0.4580906475003614,0.4601987750487646,0.0
resnet18,layer1.1.conv1,64,64,3x3,32,32,59.914,9.847999999999999,11689512,0.0,0.47959959506988525,385.1181751000695,332.3655134342604,911.8154296875,-0.37682509944192166,0.37825044204628916,0.0
resnet18,layer1.1.conv1,64,64,3x3,24,24,43.268,26.494,11689512,0.0,0.5801233649253845,385.149116901448,332.33881211975535,911.8154296875,-0.36882100955530955,0.37018633453157207,0.0
resnet18,layer1.1.conv2,64,64,3x3,64,64,69.762,0.0,11689512,0.0,0.0,386.57488629978616,331.1130767577511,911.8154296875,0.0,0.0,0.0
resnet18,layer1.1.conv2,64,64,3x3,48,48,68.81,0.9519999999999982,11689512,0.0,0.34024307131767273,385.2533608995145,332.2488860347313,911.8154296875,-0.3418549541386414,0.34302761102098167,0.0
resnet18,layer1.1.conv2,64,64,3x3,32,32,68.084,1.6779999999999973,11689512,0.0,0.5509058833122253,385.2271693001967,332.2714756400092,911.8154296875,-0.3486302518224943,0.34984993453025276,0.0
resnet18,layer1.1.conv2,64,64,3x3,24,24,65.278,4.483999999999995,11689512,0.0,0.6605366468429565,385.37311289983336,332.1456420164681,911.8154296875,-0.31087725626874585,0.3118467167856511,0.0
resnet18,layer2.0.conv1,128,64,3x3,128,64,69.762,0.0,11689512,0.0,0.0,386.57488629978616,331.1130767577511,911.8154296875,0.0,0.0,0.0
resnet18,layer2.0.conv1,128,64,3x3,96,48,68.674,1.0879999999999939,11689512,0.0,0.28995177149772644,386.3601881021168,331.29707444434985,911.8154296875,-0.0555385787536267,0.05556944123150593,0.0
resnet18,layer2.0.conv1,128,64,3x3,64,32,40.436,29.326,11689512,0.0,0.4940105974674225,387.3812986013945,330.4237981083045,911.8154296875,0.20860442056315942,-0.20817016838961178,0.0
resnet18,layer2.0.conv1,128,64,3x3,48,24,13.062,56.7,11689512,0.0,0.6042794585227966,386.39536639966536,331.2669124184167,911.8154296875,-0.04643858317831291,0.04646015861770262,0.0
resnet18,layer2.0.conv2,128,128,3x3,128,128,69.762,0.0,11689512,0.0,0.0,386.57488629978616,331.1130767577511,911.8154296875,0.0,0.0,0.0
resnet18,layer2.0.conv2,128,128,3x3,96,96,68.822,0.9399999999999977,11689512,0.0,0.3039019703865051,384.8772736004321,332.5735468935111,911.8154296875,-0.4391420031454347,0.4410789661528486,0.0
resnet18,layer2.0.conv2,128,128,3x3,64,64,65.57,4.192000000000007,11689512,0.0,0.49948859214782715,387.76767080125865,330.0945634160498,911.8154296875,0.30855198921212174,-0.3076028744242131,0.0
resnet18,layer2.0.conv2,128,128,3x3,48,48,63.896,5.866,11689512,0.0,0.60162353515625,387.15604950266425,330.6160401327247,911.8154296875,0.15033651265886933,-0.15011084125500676,0.0
resnet18,layer2.0.downsample.0,128,64,1x1,128,64,69.762,0.0,11689512,0.0,0.0,386.57488629978616,331.1130767577511,911.8154296875,0.0,0.0,0.0
resnet18,layer2.0.downsample.0,128,64,1x1,96,48,69.734,0.028000000000005798,11689512,0.0,0.13663500547409058,386.77743690204807,330.93967689851615,911.8154296875,0.052396213370371855,-0.052368774115745635,0.0
resnet18,layer2.0.downsample.0,128,64,1x1,64,32,68.138,1.6239999999999952,11689512,0.0,0.2869051396846771,386.77099320048,330.9451904363782,911.8154296875,0.050729343173567976,-0.05070362155939485,0.0
resnet18,layer2.0.downsample.0,128,64,1x1,48,24,62.634,7.128,11689512,0.0,0.38895153999328613,386.4509311009897,331.2192821876014,911.8154296875,-0.03206499004188792,0.032075274975613556,0.0
resnet18,layer2.1.conv1,128,128,3x3,128,128,69.762,0.0,11689512,0.0,0.0,386.57488629978616,331.1130767577511,911.8154296875,0.0,0.0,0.0
resnet18,layer2.1.conv1,128,128,3x3,96,96,68.636,1.1260000000000048,11689512,0.0,0.3381274938583374,387.0805071986979,330.6805628791182,911.8154296875,0.13079507149350203,-0.13062422144968294,0.0
resnet18,layer2.1.conv1,128,128,3x3,64,64,66.594,3.1680000000000064,11689512,0.0,0.5434525012969971,387.245292798616,330.5398474309291,911.8154296875,0.1734221550827641,-0.1731219233124362,0.0
resnet18,layer2.1.conv1,128,128,3x3,48,48,62.142,7.619999999999997,11689512,0.0,0.6450446248054504,387.09470180037897,330.66843696044276,911.8154296875,0.1344669607403569,-0.13428638991315411,0.0
resnet18,layer2.1.conv2,128,128,3x3,128,128,69.762,0.0,11689512,0.0,0.0,386.57488629978616,331.1130767577511,911.8154296875,0.0,0.0,0.0
resnet18,layer2.1.conv2,128,128,3x3,96,96,69.098,0.6640000000000015,11689512,0.0,0.35804176330566406,386.9404563010903,330.8002508282547,911.8154296875,0.0945664124235563,-0.09447706884898051,0.0
resnet18,layer2.1.conv2,128,128,3x3,64,64,67.176,2.5859999999999985,11689512,0.0,0.5634593963623047,386.84379890037235,330.8829050998051,911.8154296875,0.06956287387423583,-0.0695145175780582,0.0
resnet18,layer2.1.conv2,128,128,3x3,48,48,66.056,3.706000000000003,11689512,0.0,0.6586480736732483,386.3563224003883,331.3003892488427,911.8154296875,-0.056538566560776334,0.05657055073926193,0.0
resnet18,layer3.0.conv1,256,128,3x3,256,128,69.762,0.0,11689512,0.0,0.0,386.57488629978616,331.1130767577511,911.8154296875,0.0,0.0,0.0
resnet18,layer3.0.conv1,256,128,3x3,192,96,69.14,0.6219999999999999,11689512,0.0,0.3025098443031311,386.10600299725775,331.5151771958052,911.8154296875,-0.1212917132347794,0.12143900868895323,0.0
resnet18,layer3.0.conv1,256,128,3x3,128,64,63.586,6.176000000000002,11689512,0.0,0.4998476207256317,387.043713600724,330.7119984179497,911.8154296875,0.1212772266262206,-0.12113032312971812,0.0
resnet18,layer3.0.conv1,256,128,3x3,96,48,60.354,9.408000000000001,11689512,0.0,0.6041642427444458,387.5887309026439,330.24695971398495,911.8154296875,0.26226344203629587,-0.26157742009079127,0.0
resnet18,layer3.0.conv2,256,256,3x3,256,256,69.762,0.0,11689512,0.0,0.0,386.57488629978616,331.1130767577511,911.8154296875,0.0,0.0,0.0
resnet18,layer3.0.conv2,256,256,3x3,192,192,69.31,0.4519999999999982,11689512,0.0,0.32256072759628296,386.9610694004223,330.7826293697448,911.8154296875,0.09989865206521326,-0.09979895425515112,0.0
resnet18,layer3.0.conv2,256,256,3x3,128,128,66.97,2.7920000000000016,11689512,0.0,0.522130012512207,386.7250051989686,330.9845452950333,911.8154296875,0.038833070771700444,-0.038817996551633344,0.0
resnet18,layer3.0.conv2,256,256,3x3,96,96,64.866,4.896000000000001,11689512,0.0,0.6241126656532288,386.7950334009947,330.92462143199486,911.8154296875,0.05694811251599129,-0.05691570009907196,0.0
resnet18,layer3.0.downsample.0,256,128,1x1,256,128,69.762,0.0,11689512,0.0,0.0,386.57488629978616,331.1130767577511,911.8154296875,0.0,0.0,0.0
resnet18,layer3.0.downsample.0,256,128,1x1,192,96,69.712,0.04999999999999716,11689512,0.0,0.19077414274215698,386.70639019983355,331.0004779953468,911.8154296875,0.034017703867449706,-0.0340061357608994,0.0
resnet18,layer3.0.downsample.0,256,128,1x1,128,64,69.602,0.1599999999999966,11689512,0.0,0.37743809819221497,387.0407770999009,330.71450754906203,911.8154296875,0.12051760645243415,-0.12037253635279507,0.0
resnet18,layer3.0.downsample.0,256,128,1x1,96,48,69.634,0.1280000000000001,11689512,0.0,0.4896503984928131,386.7209782998543,330.9879918144803,911.8154296875,0.03779138408770611,-0.037777107595876366,0.0
resnet18,layer3.1.conv1,256,256,3x3,256,256,69.762,0.0,11689512,0.0,0.0,386.57488629978616,331.1130767577511,911.8154296875,0.0,0.0,0.0
resnet18,layer3.1.conv1,256,256,3x3,192,192,69.32,0.4420000000000073,11689512,0.0,0.33672085404396057,387.11124830006156,330.6543030255307,911.8154296875,0.13874724388057072,-0.1385550026331591,0.0
resnet18,layer3.1.conv1,256,256,3x3,128,128,68.19,1.5720000000000027,11689512,0.0,0.5407955646514893,386.9773754006019,330.768691238069,911.8154296875,0.10411672229105975,-0.1040084321206359,0.0
resnet18,layer3.1.conv1,256,256,3x3,96,96,66.844,2.9180000000000064,11689512,0.0,0.6406744122505188,387.1462628012523,330.6243978021062,911.8154296875,0.14780486827151237,-0.14758672790275434,0.0
resnet18,layer3.1.conv2,256,256,3x3,256,256,69.762,0.0,11689512,0.0,0.0,386.57488629978616,331.1130767577511,911.8154296875,0.0,0.0,0.0
resnet18,layer3.1.conv2,256,256,3x3,192,192,69.432,0.3299999999999983,11689512,0.0,0.34133046865463257,386.88180160243064,330.85040306841825,911.8154296875,0.07939349231457137,-0.07933050905296876,0.0
resnet18,layer3.1.conv2,256,256,3x3,128,128,68.672,1.0900000000000034,11689512,0.0,0.542701005935669,387.42954970221035,330.38264659570893,911.8154296875,0.22108611622572097,-0.22059840378233675,0.0
resnet18,layer3.1.conv2,256,256,3x3,96,96,68.174,1.5879999999999939,11689512,0.0,0.6384713053703308,386.9657464005286,330.77863141796973,911.8154296875,0.10110850823333625,-0.10100638218709468,0.0
resnet18,layer4.0.conv1,512,256,3x3,512,256,69.762,0.0,11689512,0.0,0.0,386.57488629978616,331.1130767577511,911.8154296875,0.0,0.0,0.0
resnet18,layer4.0.conv1,512,256,3x3,384,192,69.128,0.6340000000000003,11689512,0.0,0.32789209485054016,386.92400970030576,330.8143118312641,911.8154296875,0.0903119713391985,-0.09023048241178544,0.0
resnet18,layer4.0.conv1,512,256,3x3,256,128,67.88,1.882000000000005,11689512,0.0,0.5199103355407715,386.70344430138357,331.0029995498078,911.8154296875,0.03325565269589605,-0.0332445969881971,0.0
resnet18,layer4.0.conv1,512,256,3x3,192,96,65.56,4.201999999999998,11689512,0.0,0.6178427338600159,386.8862038012594,330.8466384749989,911.8154296875,0.08053226231354718,-0.08046746004754281,0.0
resnet18,layer4.0.conv2,512,512,3x3,512,512,69.762,0.0,11689512,0.0,0.0,386.57488629978616,331.1130767577511,911.8154296875,0.0,0.0,0.0
resnet18,layer4.0.conv2,512,512,3x3,384,384,69.25,0.5120000000000005,11689512,0.0,0.37271907925605774,386.7245676985476,330.9849197369229,911.8154296875,0.03871989724789877,-0.038704910746238545,0.0
resnet18,layer4.0.conv2,512,512,3x3,256,256,67.882,1.8799999999999955,11689512,0.0,0.5780492424964905,386.92476989817806,330.81366187459156,911.8154296875,0.09050862091454272,-0.09042677688583545,0.0
resnet18,layer4.0.conv2,512,512,3x3,192,192,66.64,3.122,11689512,0.0,0.6742588877677917,387.00305910024326,330.7467395673606,911.8154296875,0.1107606354244802,-0.1106380919707856,0.0
resnet18,layer4.0.downsample.0,512,256,1x1,512,256,69.762,0.0,11689512,0.0,0.0,386.57488629978616,331.1130767577511,911.8154296875,0.0,0.0,0.0
resnet18,layer4.0.downsample.0,512,256,1x1,384,192,69.632,0.12999999999999545,11689512,0.0,0.16028444468975067,386.75222389865667,330.96125139164224,911.8154296875,0.04587406092722337,-0.04585302628200308,0.0
resnet18,layer4.0.downsample.0,512,256,1x1,256,128,69.45,0.3119999999999976,11689512,0.0,0.32304343581199646,386.9616722979117,330.78211400083086,911.8154296875,0.10005461084857196,-0.09995460166086902,0.0
resnet18,layer4.0.downsample.0,512,256,1x1,192,96,69.086,0.6760000000000019,11689512,0.0,0.4259817898273468,386.98383779847063,330.76316759941403,911.8154296875,0.10578842888602294,-0.10567663523391577,0.0
resnet18,layer4.1.conv1,512,512,3x3,512,512,69.762,0.0,11689512,0.0,0.0,386.57488629978616,331.1130767577511,911.8154296875,0.0,0.0,0.0
resnet18,layer4.1.conv1,512,512,3x3,384,384,68.978,0.784000000000006,11689512,0.0,0.3430033326148987,386.985597902094,330.76166320893304,911.8154296875,0.1062437361720782,-0.10613097865511782,0.0
resnet18,layer4.1.conv1,512,512,3x3,256,256,66.962,2.799999999999997,11689512,0.0,0.5449036955833435,387.41842869785614,330.39213036462434,911.8154296875,0.21820931156294096,-0.21773419527439541,0.0
resnet18,layer4.1.conv1,512,512,3x3,192,192,64.068,5.694000000000003,11689512,0.0,0.641802966594696,387.4997201986844,330.3228191606694,911.8154296875,0.23923796699535516,-0.23866698495266678,0.0
resnet18,layer4.1.conv2,512,512,3x3,512,512,69.762,0.0,11689512,0.0,0.0,386.57488629978616,331.1130767577511,911.8154296875,0.0,0.0,0.0
resnet18,layer4.1.conv2,512,512,3x3,384,384,69.65,0.11199999999999477,11689512,0.0,0.18504147231578827,386.9305355998222,330.8087323776956,911.8154296875,0.09200010467317761,-0.09191554227807662,0.0
resnet18,layer4.1.conv2,512,512,3x3,256,256,69.322,0.4399999999999977,11689512,0.0,0.35246601700782776,387.1952351008076,330.5825805595845,911.8154296875,0.16047312513218667,-0.1602160214755607,0.0
resnet18,layer4.1.conv2,512,512,3x3,192,192,68.208,1.554000000000002,11689512,0.0,0.47628721594810486,387.0292884996161,330.72432449805916,911.8154296875,0.11754571130560788,-0.11740770358531448,0.0
