rank,r_out,r_in,accuracy,loss,accuracy_drop,model_parameters,parameter_reduction_percent,layer_original_parameters,layer_tucker_parameters,layer_parameter_reduction_percent,reconstruction_error,batch_latency_ms,per_image_latency_ms,median_batch_latency_ms,p95_batch_latency_ms,throughput_img_s,peak_gpu_memory_mb,latency_change_percent,throughput_change_percent,memory_change_percent
"(64,64)",64,64,86.98,0.38648199634552,-0.01999999999999602,86234,-10.496911919222983,36864,45056,-22.222222222222232,2.001319626288023e-05,11.252962395228678,0.08791376871272405,11.228566996578593,11.43632404928212,11374.782524313132,51.30126953125,1.2456648592282393,-1.230338959164522,0.6851940584571155
"(64,48)",64,48,86.65,0.39435894861221316,0.3100000000000023,75994,2.6242279798057457,36864,34816,5.555555555555558,0.22209440171718597,11.194772830349393,0.08745916273710463,11.15376599773299,11.36168455996085,11433.907765683984,51.26220703125,0.7221190606063201,-0.7169418865897883,0.6085289889793962
"(64,32)",64,32,86.11999999999999,0.4136862531661987,0.8400000000000176,65754,15.745367878834474,36864,24576,33.333333333333336,0.3870725631713867,11.101588860474294,0.08673116297245542,11.058195494115353,11.282216997642536,11529.881137620463,51.22314453125,-0.11627998960529162,0.11641535737075186,0.531863919501677
"(64,24)",64,24,84.71,0.4477314015388489,2.250000000000014,60634,22.30593782834884,36864,19456,47.22222222222222,0.48547741770744324,11.134905320068356,0.08699144781303403,11.05001899850322,11.501150107505962,11495.382881191326,51.20361328125,0.18347637533080857,-0.1831403560437703,0.49353138476281744
"(64,16)",64,16,82.17,0.5247725262641907,4.790000000000006,55514,28.866507777863205,36864,14336,61.111111111111114,0.6124085187911987,11.152211140215513,0.0871266495329337,11.103364493465051,11.284376990079181,11477.544532709271,51.18408203125,0.33918108713861844,-0.33803453791801075,0.45519885002395777
"(48,64)",48,64,86.79,0.38953415040969847,0.1700000000000017,75994,2.6242279798057457,36864,34816,5.555555555555558,0.16032887995243073,11.209645950657432,0.08757535898951119,11.192871003004257,11.377377456665272,11418.737091557558,51.26220703125,0.8559361748230316,-0.8486720834551178,0.6085289889793962
"(48,48)",48,48,86.5,0.39675777907371523,0.46000000000000796,68058,12.79311140155301,36864,26880,27.083333333333336,0.26315394043922424,11.220569074648665,0.0876606958956927,11.129300997708924,11.754070655297255,11407.621052768029,51.23193359375,0.9542142025982883,-0.9451950174990669,0.5491135601341639
"(48,32)",48,32,86.06,0.4143372280597687,0.9000000000000057,60122,22.961994823300273,36864,18944,48.611111111111114,0.4035894572734833,11.090425749207498,0.08664395116568357,11.049923501559533,11.259050595253939,11541.486584421402,51.20166015625,-0.2167172418068603,0.2171879254885227,0.4896981312889315
"(48,24)",48,24,84.64,0.44854788045883176,2.3200000000000074,56154,28.046436534173907,36864,14976,59.375,0.4952816069126129,11.077911320171552,0.08654618218884025,11.043747996154707,11.270553004578687,11554.52470240733,51.1865234375,-0.3293126316763929,0.3304006828601947,0.4599904168663153
"(48,16)",48,16,82.19999999999999,0.5241659823417664,4.760000000000019,52186,33.13087824504754,36864,11008,70.13888888888889,0.617438793182373,11.036345425382024,0.08622144863579706,10.991922499670181,11.210182398644974,11598.042202051614,51.17138671875,-0.7032911899997438,0.7082724074424754,0.4302827024436991
"(32,64)",32,64,86.69,0.39514757051467897,0.27000000000001023,65754,15.745367878834474,36864,24576,33.333333333333336,0.3140347898006439,11.226362899906235,0.08770596015551746,11.164663003000896,11.380178442777833,11401.733681802598,51.22314453125,1.0063426706121457,-0.9963163144060045,0.531863919501677
"(32,48)",32,48,86.47,0.3984439558506012,0.4900000000000091,60122,22.961994823300273,36864,18944,48.611111111111114,0.36100515723228455,11.105149906143197,0.08675898364174373,11.100517003796995,11.144906860863557,11526.183895022648,51.20166015625,-0.08424038761612909,0.08431141187629095,0.4896981312889315
"(32,32)",32,32,85.92999999999999,0.41808268513679503,1.0300000000000153,54490,30.178621767766074,36864,13312,63.888888888888886,0.45097360014915466,11.102142735398957,0.08673549012030435,11.031251502572559,11.229884203203255,11529.305923249807,51.18017578125,-0.11129664095213258,0.11142064839112413,0.4475323430761859
"(32,24)",32,24,84.54,0.45251230659484865,2.4200000000000017,51674,33.786935239998975,36864,10496,71.52777777777779,0.5237013101577759,11.033871179024572,0.08620211858612947,10.975025994412135,11.176315803459147,11600.64295868602,51.16943359375,-0.7255525918144239,0.7308553316153846,0.4264494489698132
"(32,16)",32,16,82.16,0.5258442914962769,4.800000000000011,48858,37.395248712231876,36864,7680,79.16666666666666,0.6315835118293762,11.041702339935,0.08626329953074219,10.970673996780533,11.189429396472406,11592.415377568808,51.15869140625,-0.6550937148406574,0.6594134911761538,0.4053665548634403
"(24,64)",24,64,86.35000000000001,0.4038953773021698,0.6099999999999994,60634,22.30593782834884,36864,19456,47.22222222222222,0.41861510276794434,11.256915204648976,0.08794465003632013,11.3184910005657,11.383825801749481,11370.788326373595,51.20361328125,1.281229255852329,-1.2650214311832042,0.49353138476281744
"(24,48)",24,48,86.24000000000001,0.40368264956474303,0.7199999999999989,56154,28.046436534173907,36864,14976,59.375,0.44607454538345337,11.139755264957785,0.08702933800748269,11.082933509896975,11.304029254097259,11490.378105760394,51.1865234375,0.2271125199845097,-0.22659788781126763,0.4599904168663153
"(24,32)",24,32,85.52,0.42756458477973935,1.440000000000012,51674,33.786935239998975,36864,10496,71.52777777777779,0.5052346587181091,11.158478385041235,0.08717561238313465,11.214824997296091,11.25215400243178,11471.098081938615,51.16943359375,0.3955690272142734,-0.3940104439340767,0.4264494489698132
"(24,24)",24,24,84.2,0.45896383047103884,2.760000000000005,49434,36.657184592911506,36864,8256,77.60416666666666,0.5573396682739258,11.032110824889969,0.08618836581945288,10.957010497804731,11.16986304987222,11602.494031442677,51.1611328125,-0.7413909300657969,0.7469285908927527,0.41015812170579785
"(24,16)",24,16,82.19,0.5282060935020447,4.77000000000001,47194,39.52743394582404,36864,6016,83.68055555555556,0.6488407850265503,10.93216342946107,0.08540752679266461,10.944289992039558,10.98275980039034,11708.56992999693,51.15234375,-1.6406421801577424,1.6680082266933702,0.39290848107331094
"(16,64)",16,64,84.74000000000001,0.44376581535339354,2.219999999999999,55514,28.866507777863205,36864,14336,61.111111111111114,0.5566879510879517,11.087734824541258,0.08662292831672858,11.058645002776757,11.271898044651607,11544.28763183339,51.18408203125,-0.2409281515522862,0.2415100171724698,0.45519885002395777
"(16,48)",16,48,85.15,0.4320202739715576,1.8100000000000023,52186,33.13087824504754,36864,11008,70.13888888888889,0.5711588263511658,11.100578600089648,0.08672327031320037,11.175687999639194,11.216554612474283,11530.93046870244,51.17138671875,-0.12536955026780816,0.1255269228063905,0.4302827024436991
"(16,32)",16,32,84.85000000000001,0.4489177971839905,2.1099999999999994,48858,37.395248712231876,36864,7680,79.16666666666666,0.6015952825546265,10.962599980048253,0.08564531234412698,10.91246549913194,11.127802206465276,11676.062269257096,51.15869140625,-1.3667970634685171,1.3857372799178242,0.4053665548634403
"(16,24)",16,24,83.82,0.47556298689842225,3.140000000000015,47194,39.52743394582404,36864,6016,83.68055555555556,0.6298717856407166,10.904420069928165,0.08519078179631379,10.849791993678082,11.066652345471084,11738.359232234092,51.15234375,-1.8902559958520557,1.9266750872085985,0.39290848107331094
"(16,16)",16,16,81.52000000000001,0.548020055103302,5.439999999999998,45530,41.65961917941621,36864,4352,88.19444444444444,0.6852220296859741,10.874763585306937,0.08495909051021044,10.851024497242179,11.056229001405882,11770.3708219407,51.14599609375,-2.157082667568012,2.2046385434717672,0.3804504072831816
