layer,out_channels,in_channels,kernel_h,kernel_w,rank,original_params,tucker_params,compression_ratio,parameter_reduction_percent,relative_reconstruction_error
conv1,16,3,3,3,1,432,46,9.391304347826088,89.35185185185185,0.9008861780166626
conv1,16,3,3,3,2,432,92,4.695652173913044,78.7037037037037,0.8031123876571655
layer1.conv1,16,16,3,3,1,2304,59,39.05084745762712,97.43923611111111,0.9541358947753906
layer1.conv1,16,16,3,3,2,2304,118,19.52542372881356,94.87847222222221,0.8995695114135742
layer1.conv1,16,16,3,3,4,2304,290,7.944827586206896,87.41319444444444,0.7853559851646423
layer1.conv1,16,16,3,3,8,2304,850,2.7105882352941175,63.107638888888886,0.5417332053184509
layer1.conv1,16,16,3,3,16,2304,2834,0.8129851799576571,-23.003472222222232,1.074062311090529e-06
layer1.conv2,16,16,3,3,1,2304,59,39.05084745762712,97.43923611111111,0.9594847559928894
layer1.conv2,16,16,3,3,2,2304,118,19.52542372881356,94.87847222222221,0.9136368632316589
layer1.conv2,16,16,3,3,4,2304,290,7.944827586206896,87.41319444444444,0.8186675310134888
layer1.conv2,16,16,3,3,8,2304,850,2.7105882352941175,63.107638888888886,0.62898188829422
layer1.conv2,16,16,3,3,16,2304,2834,0.8129851799576571,-23.003472222222232,9.441615702598938e-07
layer2.conv1,32,16,3,3,1,4608,75,61.44,98.37239583333334,0.9536306858062744
layer2.conv1,32,16,3,3,2,4608,150,30.72,96.74479166666666,0.920548141002655
layer2.conv1,32,16,3,3,4,4608,354,13.016949152542374,92.31770833333334,0.8344313502311707
layer2.conv1,32,16,3,3,8,4608,978,4.711656441717792,78.77604166666666,0.6881359219551086
layer2.conv1,32,16,3,3,16,4608,3090,1.4912621359223301,32.942708333333336,0.3949872553348541
layer2.conv2,32,32,3,3,1,9216,91,101.27472527472527,99.01258680555556,0.9723389744758606
layer2.conv2,32,32,3,3,2,9216,182,50.637362637362635,98.02517361111111,0.9419568777084351
layer2.conv2,32,32,3,3,4,9216,418,22.047846889952154,95.46440972222221,0.8848540186882019
layer2.conv2,32,32,3,3,8,9216,1106,8.332730560578662,87.99913194444444,0.7842992544174194
layer2.conv2,32,32,3,3,16,9216,3346,2.7543335325762106,63.693576388888886,0.6038438677787781
layer2.conv2,32,32,3,3,24,9216,6738,1.3677649154051648,26.888020833333336,0.3991181254386902
layer2.conv2,32,32,3,3,32,9216,11282,0.8168764403474561,-22.417534722222232,9.325991641162545e-07
layer3.conv1,64,32,3,3,1,18432,123,149.85365853658536,99.33268229166666,0.9735772013664246
layer3.conv1,64,32,3,3,2,18432,246,74.92682926829268,98.66536458333334,0.9554099440574646
layer3.conv1,64,32,3,3,4,18432,546,33.75824175824176,97.03776041666666,0.9181142449378967
layer3.conv1,64,32,3,3,8,18432,1362,13.533039647577093,92.61067708333334,0.8483178615570068
layer3.conv1,64,32,3,3,16,18432,3858,4.777604976671851,79.06901041666666,0.7092692852020264
layer3.conv1,64,32,3,3,24,18432,7506,2.4556354916067145,59.27734375,0.5652737617492676
layer3.conv1,64,32,3,3,32,18432,12306,1.4978059483178938,33.235677083333336,0.41745102405548096
layer3.conv2,64,64,3,3,1,36864,155,237.83225806451614,99.57953559027779,0.9757426977157593
layer3.conv2,64,64,3,3,2,36864,310,118.91612903225807,99.15907118055556,0.9531147480010986
layer3.conv2,64,64,3,3,4,36864,674,54.69436201780415,98.17165798611111,0.9057197570800781
layer3.conv2,64,64,3,3,8,36864,1618,22.783683559950557,95.61089409722221,0.8170859217643738
layer3.conv2,64,64,3,3,16,36864,4370,8.435697940503433,88.14561631944444,0.6712368130683899
layer3.conv2,64,64,3,3,24,36864,8274,4.45540246555475,77.55533854166666,0.5477433800697327
layer3.conv2,64,64,3,3,32,36864,13330,2.765491372843211,63.840060763888886,0.4447261095046997
layer3.conv2,64,64,3,3,48,36864,26898,1.3705108186482267,27.034505208333336,0.26121121644973755
layer3.conv2,64,64,3,3,64,36864,45074,0.8178550827528065,-22.271050347222232,1.1803737152149552e-06
