layer,rank,out_channels,in_channels,kernel_h,kernel_w,original_params,reconstruction_error,test_loss,test_accuracy,accuracy_drop
conv1,1,16,3,3,3,432,0.9008861780166626,1.7549838905334472,43.71,43.24999999999999
conv1,2,16,3,3,3,432,0.8031123876571655,1.4515163524627686,53.86,33.099999999999994
layer1.conv1,1,16,16,3,3,2304,0.9541358947753906,6.495255686950683,14.99,71.97
layer1.conv1,2,16,16,3,3,2304,0.8995695114135742,5.296339530944824,21.97,64.99
layer1.conv1,4,16,16,3,3,2304,0.7853559851646423,4.52899927520752,32.35,54.60999999999999
layer1.conv1,8,16,16,3,3,2304,0.5417332053184509,1.0325498722076416,64.39,22.569999999999993
layer1.conv1,16,16,16,3,3,2304,1.074062311090529e-06,0.3865134018421173,86.96,0.0
layer1.conv2,1,16,16,3,3,2304,0.9594847559928894,4.588018487548828,18.24,68.72
layer1.conv2,2,16,16,3,3,2304,0.9136368632316589,2.851926396751404,30.97,55.989999999999995
layer1.conv2,4,16,16,3,3,2304,0.8186675310134888,2.08456149520874,39.79,47.169999999999995
layer1.conv2,8,16,16,3,3,2304,0.62898188829422,2.2530591976165772,46.62,40.339999999999996
layer1.conv2,16,16,16,3,3,2304,9.441615702598938e-07,0.3865138569355011,86.96,0.0
layer2.conv1,1,32,16,3,3,4608,0.9536306858062744,38.93113815917969,10.0,76.96
layer2.conv1,2,32,16,3,3,4608,0.920548141002655,38.84683881835937,10.0,76.96
layer2.conv1,4,32,16,3,3,4608,0.8344313502311707,11.827729019165039,11.95,75.00999999999999
layer2.conv1,8,32,16,3,3,4608,0.6881359219551086,4.570941937255859,16.63,70.33
layer2.conv1,16,32,16,3,3,4608,0.3949872553348541,0.8619458185195923,71.82,15.14
layer2.conv2,1,32,32,3,3,9216,0.9723389744758606,7.924023449707032,11.06,75.89999999999999
layer2.conv2,2,32,32,3,3,9216,0.9419568777084351,6.758263262176514,15.61,71.35
layer2.conv2,4,32,32,3,3,9216,0.8848540186882019,13.96839736328125,10.05,76.91
layer2.conv2,8,32,32,3,3,9216,0.7842992544174194,2.598019733428955,28.05,58.91
layer2.conv2,16,32,32,3,3,9216,0.6038438677787781,1.0757731575012206,65.34,21.61999999999999
layer2.conv2,24,32,32,3,3,9216,0.3991181254386902,0.6504573782920837,79.23,7.72999999999999
layer2.conv2,32,32,32,3,3,9216,9.325991641162545e-07,0.3865153371810913,86.96,0.0
layer3.conv1,1,64,32,3,3,18432,0.9735772013664246,2.9463728225708006,20.12,66.83999999999999
layer3.conv1,2,64,32,3,3,18432,0.9554099440574646,3.3627504913330077,15.24,71.72
layer3.conv1,4,64,32,3,3,18432,0.9181142449378967,3.5478627323150635,16.9,70.06
layer3.conv1,8,64,32,3,3,18432,0.8483178615570068,4.743453636169433,13.97,72.99
layer3.conv1,16,64,32,3,3,18432,0.7092692852020264,5.150893472290039,27.96,58.99999999999999
layer3.conv1,24,64,32,3,3,18432,0.5652737617492676,1.746287646484375,54.84,32.11999999999999
layer3.conv1,32,64,32,3,3,18432,0.41745102405548096,1.2336296585083009,65.07,21.89
layer3.conv2,1,64,64,3,3,36864,0.9757426977157593,1.9609537914276123,39.23,47.73
layer3.conv2,2,64,64,3,3,36864,0.9531147480010986,1.6162296047210694,45.77,41.18999999999999
layer3.conv2,4,64,64,3,3,36864,0.9057197570800781,1.353962747001648,55.85,31.109999999999992
layer3.conv2,8,64,64,3,3,36864,0.8170859217643738,0.8659005630493164,70.98,15.97999999999999
layer3.conv2,16,64,64,3,3,36864,0.6712368130683899,0.5314000932693481,81.75,5.209999999999994
layer3.conv2,24,64,64,3,3,36864,0.5477433800697327,0.44800349702835085,84.69,2.269999999999996
layer3.conv2,32,64,64,3,3,36864,0.4447261095046997,0.4144160720825195,86.16,0.7999999999999972
layer3.conv2,48,64,64,3,3,36864,0.26121121644973755,0.39838356971740724,86.45,0.5099999999999909
layer3.conv2,64,64,64,3,3,36864,1.1803737152149552e-06,0.38651372904777526,86.96,0.0
