layer,r_out,r_in,out_channels,in_channels,kernel_h,kernel_w,original_params,tucker_params,compression_ratio,parameter_reduction_percent,reconstruction_error,test_loss,test_accuracy,accuracy_drop
conv1,1,1,16,3,3,3,432,46,9.391304347826088,89.35185185185185,0.9008861780166626,1.7549838905334472,43.71,43.24999999999999
conv1,1,2,16,3,3,3,432,58,7.448275862068965,86.57407407407408,0.8932681083679199,1.9159237075805664,39.4,47.559999999999995
conv1,2,1,16,3,3,3,432,71,6.084507042253521,83.56481481481481,0.8337786197662354,1.3606401451110839,55.55,31.409999999999997
conv1,2,2,16,3,3,3,432,92,4.695652173913044,78.7037037037037,0.8031123876571655,1.4515163524627686,53.86,33.099999999999994
conv1,4,1,16,3,3,3,432,121,3.5702479338842976,71.99074074074075,0.7452043890953064,0.8703219789505005,72.73,14.22999999999999
conv1,4,2,16,3,3,3,432,160,2.7,62.96296296296296,0.6382334232330322,0.9923395620346069,69.79,17.169999999999987
conv1,8,1,16,3,3,3,432,221,1.9547511312217194,48.842592592592595,0.7137855291366577,0.8370936166763305,73.32,13.64
conv1,8,2,16,3,3,3,432,296,1.4594594594594594,31.481481481481477,0.4762534499168396,0.6123953091144562,80.1,6.859999999999999
conv1,16,1,16,3,3,3,432,421,1.0261282660332542,2.546296296296291,0.7126786708831787,0.8604313976287842,72.75,14.209999999999994
conv1,16,2,16,3,3,3,432,568,0.7605633802816901,-31.481481481481488,0.4528055787086487,0.6370406989097596,79.01,7.949999999999989
layer1.conv1,1,1,16,16,3,3,2304,59,39.05084745762712,97.43923611111111,0.9541358947753906,6.495255686950683,14.99,71.97
layer1.conv1,1,2,16,16,3,3,2304,84,27.428571428571427,96.35416666666666,0.9414234757423401,5.577086988067627,19.7,67.25999999999999
layer1.conv1,1,4,16,16,3,3,2304,134,17.19402985074627,94.18402777777779,0.926749050617218,5.977312600708008,18.05,68.91
layer1.conv1,1,8,16,16,3,3,2304,234,9.846153846153847,89.84375,0.9204855561256409,6.096940794372559,17.36,69.6
layer1.conv1,1,16,16,16,3,3,2304,434,5.308755760368664,81.16319444444444,0.9201342463493347,6.301038459777832,16.07,70.88999999999999
layer1.conv1,2,1,16,16,3,3,2304,84,27.428571428571427,96.35416666666666,0.9340860247612,5.502727537536621,19.9,67.06
layer1.conv1,2,2,16,16,3,3,2304,118,19.52542372881356,94.87847222222221,0.8995695114135742,5.296339530944824,21.97,64.99
layer1.conv1,2,4,16,16,3,3,2304,186,12.387096774193548,91.92708333333334,0.8742585778236389,5.124935035705566,24.12,62.83999999999999
layer1.conv1,2,8,16,16,3,3,2304,322,7.15527950310559,86.02430555555556,0.853306770324707,3.277558511734009,31.14,55.81999999999999
layer1.conv1,2,16,16,16,3,3,2304,594,3.878787878787879,74.21875,0.8490659594535828,3.4725230895996093,30.57,56.38999999999999
layer1.conv1,4,1,16,16,3,3,2304,134,17.19402985074627,94.18402777777779,0.903081476688385,3.9781786727905275,33.53,53.42999999999999
layer1.conv1,4,2,16,16,3,3,2304,186,12.387096774193548,91.92708333333334,0.8374578952789307,5.212184564208984,27.41,59.55
layer1.conv1,4,4,16,16,3,3,2304,290,7.944827586206896,87.41319444444444,0.7853559851646423,4.52899927520752,32.35,54.60999999999999
layer1.conv1,4,8,16,16,3,3,2304,498,4.626506024096385,78.38541666666666,0.728343665599823,2.38277914352417,37.04,49.919999999999995
layer1.conv1,4,16,16,16,3,3,2304,914,2.5207877461706785,60.329861111111114,0.7111679315567017,2.2454098823547364,41.42,45.53999999999999
layer1.conv1,8,1,16,16,3,3,2304,234,9.846153846153847,89.84375,0.8838416934013367,4.293314365386963,24.91,62.05
layer1.conv1,8,2,16,16,3,3,2304,322,7.15527950310559,86.02430555555556,0.7902494072914124,3.6293082229614257,34.64,52.31999999999999
layer1.conv1,8,4,16,16,3,3,2304,498,4.626506024096385,78.38541666666666,0.691450297832489,2.8258907341003416,41.17,45.78999999999999
layer1.conv1,8,8,16,16,3,3,2304,850,2.7105882352941175,63.107638888888886,0.5417332053184509,1.0325498722076416,64.39,22.569999999999993
layer1.conv1,8,16,16,16,3,3,2304,1554,1.4826254826254825,32.552083333333336,0.4699244201183319,1.1614060232162475,65.99,20.97
layer1.conv1,16,1,16,16,3,3,2304,434,5.308755760368664,81.16319444444444,0.883108913898468,4.319911448669433,21.5,65.46
layer1.conv1,16,2,16,16,3,3,2304,594,3.878787878787879,74.21875,0.7795626521110535,3.552352262878418,28.82,58.13999999999999
layer1.conv1,16,4,16,16,3,3,2304,914,2.5207877461706785,60.329861111111114,0.6467142701148987,2.511726454544067,40.02,46.93999999999999
layer1.conv1,16,8,16,16,3,3,2304,1554,1.4826254826254825,32.552083333333336,0.3851954936981201,0.7780810793876648,72.48,14.47999999999999
layer1.conv1,16,16,16,16,3,3,2304,2834,0.8129851799576571,-23.003472222222232,1.074062311090529e-06,0.3865134018421173,86.96,0.0
layer1.conv2,1,1,16,16,3,3,2304,59,39.05084745762712,97.43923611111111,0.9594847559928894,4.588018487548828,18.24,68.72
layer1.conv2,1,2,16,16,3,3,2304,84,27.428571428571427,96.35416666666666,0.9484521746635437,2.9049609474182128,23.64,63.31999999999999
layer1.conv2,1,4,16,16,3,3,2304,134,17.19402985074627,94.18402777777779,0.9375016689300537,2.8232697937011717,25.64,61.31999999999999
layer1.conv2,1,8,16,16,3,3,2304,234,9.846153846153847,89.84375,0.929012656211853,2.882240743255615,27.81,59.14999999999999
layer1.conv2,1,16,16,16,3,3,2304,434,5.308755760368664,81.16319444444444,0.9282360672950745,2.849931076812744,28.1,58.85999999999999
layer1.conv2,2,1,16,16,3,3,2304,84,27.428571428571427,96.35416666666666,0.933586061000824,3.7366137378692628,23.28,63.67999999999999
layer1.conv2,2,2,16,16,3,3,2304,118,19.52542372881356,94.87847222222221,0.9136368632316589,2.851926396751404,30.97,55.989999999999995
layer1.conv2,2,4,16,16,3,3,2304,186,12.387096774193548,91.92708333333334,0.892257034778595,4.132782783126831,22.82,64.13999999999999
layer1.conv2,2,8,16,16,3,3,2304,322,7.15527950310559,86.02430555555556,0.8747696876525879,3.335986407470703,28.98,57.97999999999999
layer1.conv2,2,16,16,16,3,3,2304,594,3.878787878787879,74.21875,0.8685869574546814,3.2097768531799318,27.88,59.08
layer1.conv2,4,1,16,16,3,3,2304,134,17.19402985074627,94.18402777777779,0.9081823825836182,3.3999342708587648,23.28,63.67999999999999
layer1.conv2,4,2,16,16,3,3,2304,186,12.387096774193548,91.92708333333334,0.8643561601638794,3.371562254333496,27.9,59.059999999999995
layer1.conv2,4,4,16,16,3,3,2304,290,7.944827586206896,87.41319444444444,0.8186675310134888,2.08456149520874,39.79,47.169999999999995
layer1.conv2,4,8,16,16,3,3,2304,498,4.626506024096385,78.38541666666666,0.7782425880432129,2.175781143951416,38.98,47.98
layer1.conv2,4,16,16,16,3,3,2304,914,2.5207877461706785,60.329861111111114,0.7577866911888123,1.992708836364746,42.98,43.98
layer1.conv2,8,1,16,16,3,3,2304,234,9.846153846153847,89.84375,0.8875991106033325,2.4484405475616455,34.14,52.81999999999999
layer1.conv2,8,2,16,16,3,3,2304,322,7.15527950310559,86.02430555555556,0.8139354586601257,1.4360102060317994,55.83,31.129999999999995
layer1.conv2,8,4,16,16,3,3,2304,498,4.626506024096385,78.38541666666666,0.7239736318588257,2.150787226486206,47.6,39.35999999999999
layer1.conv2,8,8,16,16,3,3,2304,850,2.7105882352941175,63.107638888888886,0.62898188829422,2.2530591976165772,46.62,40.339999999999996
layer1.conv2,8,16,16,16,3,3,2304,1554,1.4826254826254825,32.552083333333336,0.541726291179657,0.8158298143386841,72.53,14.429999999999993
layer1.conv2,16,1,16,16,3,3,2304,434,5.308755760368664,81.16319444444444,0.887392520904541,2.431372045135498,33.99,52.96999999999999
layer1.conv2,16,2,16,16,3,3,2304,594,3.878787878787879,74.21875,0.8025949001312256,1.2947882314682007,59.57,27.389999999999993
layer1.conv2,16,4,16,16,3,3,2304,914,2.5207877461706785,60.329861111111114,0.6719749569892883,1.1693649230003358,65.48,21.47999999999999
layer1.conv2,16,8,16,16,3,3,2304,1554,1.4826254826254825,32.552083333333336,0.4730890691280365,0.8943820617675782,70.96,16.0
layer1.conv2,16,16,16,16,3,3,2304,2834,0.8129851799576571,-23.003472222222232,9.441615702598938e-07,0.3865138569355011,86.96,0.0
layer2.conv1,1,1,32,16,3,3,4608,75,61.44,98.37239583333334,0.9536306858062744,38.93113815917969,10.0,76.96
layer2.conv1,1,2,32,16,3,3,4608,100,46.08,97.82986111111111,0.9489215612411499,39.64292596435547,10.0,76.96
layer2.conv1,1,4,32,16,3,3,4608,150,30.72,96.74479166666666,0.945246696472168,39.534383203125,10.0,76.96
layer2.conv1,1,8,32,16,3,3,4608,250,18.432,94.57465277777779,0.9439554810523987,39.80217107543945,10.0,76.96
layer2.conv1,1,16,32,16,3,3,4608,450,10.24,90.234375,0.9439053535461426,39.71098544921875,10.0,76.96
layer2.conv1,2,1,32,16,3,3,4608,116,39.724137931034484,97.48263888888889,0.9363670945167542,32.39590887451172,10.0,76.96
layer2.conv1,2,2,32,16,3,3,4608,150,30.72,96.74479166666666,0.920548141002655,38.84683881835937,10.0,76.96
layer2.conv1,2,4,32,16,3,3,4608,218,21.137614678899084,95.26909722222221,0.9003203511238098,29.059946545410156,10.0,76.96
layer2.conv1,2,8,32,16,3,3,4608,354,13.016949152542374,92.31770833333334,0.8943917155265808,28.73996400756836,10.0,76.96
layer2.conv1,2,16,32,16,3,3,4608,626,7.361022364217252,86.41493055555556,0.8933873176574707,28.388224169921877,10.0,76.96
layer2.conv1,4,1,32,16,3,3,4608,198,23.272727272727273,95.703125,0.9250901341438293,32.76605912475586,10.0,76.96
layer2.conv1,4,2,32,16,3,3,4608,250,18.432,94.57465277777779,0.8765203356742859,25.88660184326172,10.0,76.96
layer2.conv1,4,4,32,16,3,3,4608,354,13.016949152542374,92.31770833333334,0.8344313502311707,11.827729019165039,11.95,75.00999999999999
layer2.conv1,4,8,32,16,3,3,4608,562,8.199288256227758,87.80381944444444,0.8142346143722534,7.222423831176758,14.27,72.69
layer2.conv1,4,16,32,16,3,3,4608,978,4.711656441717792,78.77604166666666,0.8064258098602295,7.749738781738281,13.56,73.39999999999999
layer2.conv1,8,1,32,16,3,3,4608,362,12.7292817679558,92.14409722222221,0.9225760102272034,33.365850012207034,10.0,76.96
layer2.conv1,8,2,32,16,3,3,4608,450,10.24,90.234375,0.849524199962616,26.75609253540039,13.19,73.77
layer2.conv1,8,4,32,16,3,3,4608,626,7.361022364217252,86.41493055555556,0.7598807215690613,15.66087351989746,10.3,76.66
layer2.conv1,8,8,32,16,3,3,4608,978,4.711656441717792,78.77604166666666,0.6881359219551086,4.570941937255859,16.63,70.33
layer2.conv1,8,16,32,16,3,3,4608,1682,2.7395957193816884,63.498263888888886,0.6465525031089783,4.296965866088867,17.89,69.07
layer2.conv1,16,1,32,16,3,3,4608,690,6.678260869565217,85.02604166666666,0.9224662184715271,33.32424237060547,10.0,76.96
layer2.conv1,16,2,32,16,3,3,4608,850,5.421176470588235,81.55381944444444,0.8445079922676086,27.789500286865234,12.22,74.74
layer2.conv1,16,4,32,16,3,3,4608,1170,3.9384615384615387,74.609375,0.7275872230529785,8.424271259307861,13.46,73.5
layer2.conv1,16,8,32,16,3,3,4608,1810,2.54585635359116,60.720486111111114,0.5645344257354736,2.0811973253250122,43.47,43.489999999999995
layer2.conv1,16,16,32,16,3,3,4608,3090,1.4912621359223301,32.942708333333336,0.3949872553348541,0.8619458185195923,71.82,15.14
layer2.conv1,32,1,32,16,3,3,4608,1346,3.4234769687964337,70.78993055555556,0.9224662184715271,33.32425386352539,10.0,76.96
layer2.conv1,32,2,32,16,3,3,4608,1650,2.792727272727273,64.19270833333333,0.8443909883499146,27.878745697021483,12.18,74.78
layer2.conv1,32,4,32,16,3,3,4608,2258,2.0407440212577503,50.998263888888886,0.72232586145401,7.218877369689942,14.56,72.39999999999999
layer2.conv1,32,8,32,16,3,3,4608,3474,1.3264248704663213,24.609375,0.5200531482696533,2.2157649394989014,45.78,41.17999999999999
layer2.conv1,32,16,32,16,3,3,4608,5906,0.780223501523874,-28.168402777777768,1.173445980384713e-06,0.38651586470603944,86.95,0.009999999999990905
layer2.conv2,1,1,32,32,3,3,9216,91,101.27472527472527,99.01258680555556,0.9723389744758606,7.924023449707032,11.06,75.89999999999999
layer2.conv2,1,2,32,32,3,3,9216,132,69.81818181818181,98.56770833333334,0.9643566012382507,8.13696608581543,11.13,75.83
layer2.conv2,1,4,32,32,3,3,9216,214,43.06542056074766,97.67795138888889,0.9594581127166748,9.139968185424804,10.39,76.57
layer2.conv2,1,8,32,32,3,3,9216,378,24.38095238095238,95.8984375,0.956400454044342,9.522957550048828,10.15,76.80999999999999
layer2.conv2,1,16,32,32,3,3,9216,706,13.053824362606232,92.33940972222221,0.9562098979949951,9.32094035797119,10.22,76.74
layer2.conv2,1,32,32,32,3,3,9216,1362,6.766519823788546,85.22135416666666,0.9562070369720459,9.201280041503907,10.31,76.64999999999999
layer2.conv2,2,1,32,32,3,3,9216,132,69.81818181818181,98.56770833333334,0.9487386345863342,6.892474966430664,15.23,71.72999999999999
layer2.conv2,2,2,32,32,3,3,9216,182,50.637362637362635,98.02517361111111,0.9419568777084351,6.758263262176514,15.61,71.35
layer2.conv2,2,4,32,32,3,3,9216,282,32.680851063829785,96.94010416666666,0.9314092397689819,9.19702264099121,11.33,75.63
layer2.conv2,2,8,32,32,3,3,9216,482,19.12033195020747,94.76996527777779,0.9237108826637268,7.115841000366211,13.39,73.57
layer2.conv2,2,16,32,32,3,3,9216,882,10.448979591836734,90.4296875,0.9189507365226746,5.15511072845459,18.24,68.72
layer2.conv2,2,32,32,32,3,3,9216,1682,5.479191438763377,81.74913194444444,0.9185661673545837,10.977954986572266,10.91,76.05
layer2.conv2,4,1,32,32,3,3,9216,214,43.06542056074766,97.67795138888889,0.9366898536682129,6.335474114227295,16.51,70.44999999999999
layer2.conv2,4,2,32,32,3,3,9216,282,32.680851063829785,96.94010416666666,0.9064756035804749,7.065812120056153,16.32,70.63999999999999
layer2.conv2,4,4,32,32,3,3,9216,418,22.047846889952154,95.46440972222221,0.8848540186882019,13.96839736328125,10.05,76.91
layer2.conv2,4,8,32,32,3,3,9216,690,13.356521739130434,92.51302083333334,0.8655793070793152,19.288350427246094,10.08,76.88
layer2.conv2,4,16,32,32,3,3,9216,1234,7.46839546191248,86.61024305555556,0.8509262204170227,29.08286986694336,10.0,76.96
layer2.conv2,4,32,32,32,3,3,9216,2322,3.9689922480620154,74.8046875,0.845971405506134,29.584977001953124,10.0,76.96
layer2.conv2,8,1,32,32,3,3,9216,378,24.38095238095238,95.8984375,0.928964376449585,6.41889896697998,15.81,71.14999999999999
layer2.conv2,8,2,32,32,3,3,9216,482,19.12033195020747,94.76996527777779,0.8802874684333801,4.96247560043335,20.34,66.61999999999999
layer2.conv2,8,4,32,32,3,3,9216,690,13.356521739130434,92.51302083333334,0.8277530074119568,1.9513940885543823,39.9,47.059999999999995
layer2.conv2,8,8,32,32,3,3,9216,1106,8.332730560578662,87.99913194444444,0.7842992544174194,2.598019733428955,28.05,58.91
layer2.conv2,8,16,32,32,3,3,9216,1938,4.755417956656347,78.97135416666666,0.7453734278678894,2.405011280822754,40.16,46.8
layer2.conv2,8,32,32,32,3,3,9216,3602,2.5585785674625208,60.915798611111114,0.7211426496505737,2.578472083282471,38.39,48.56999999999999
layer2.conv2,16,1,32,32,3,3,9216,706,13.053824362606232,92.33940972222221,0.9284953474998474,6.462303009033203,15.66,71.3
layer2.conv2,16,2,32,32,3,3,9216,882,10.448979591836734,90.4296875,0.8682689666748047,5.237872891235352,22.12,64.83999999999999
layer2.conv2,16,4,32,32,3,3,9216,1234,7.46839546191248,86.61024305555556,0.786204993724823,9.361634445190429,22.84,64.11999999999999
layer2.conv2,16,8,32,32,3,3,9216,1938,4.755417956656347,78.97135416666666,0.7018214464187622,1.8362988994598388,46.17,40.78999999999999
layer2.conv2,16,16,32,32,3,3,9216,3346,2.7543335325762106,63.693576388888886,0.6038438677787781,1.0757731575012206,65.34,21.61999999999999
layer2.conv2,16,32,32,32,3,3,9216,6162,1.495618305744888,33.138020833333336,0.5105682015419006,1.5533195999145508,59.85,27.109999999999992
layer2.conv2,32,1,32,32,3,3,9216,1362,6.766519823788546,85.22135416666666,0.928495466709137,6.462036433410645,15.66,71.3
layer2.conv2,32,2,32,32,3,3,9216,1682,5.479191438763377,81.74913194444444,0.8678725957870483,5.287178205108643,21.92,65.03999999999999
layer2.conv2,32,4,32,32,3,3,9216,2322,3.9689922480620154,74.8046875,0.7743136286735535,9.698077714538574,22.99,63.97
layer2.conv2,32,8,32,32,3,3,9216,3602,2.5585785674625208,60.915798611111114,0.6562182903289795,1.7168923889160157,51.52,35.43999999999999
layer2.conv2,32,16,32,32,3,3,9216,6162,1.495618305744888,33.138020833333336,0.4693208336830139,0.511600201368332,82.9,4.059999999999988
layer2.conv2,32,32,32,32,3,3,9216,11282,0.8168764403474561,-22.417534722222232,9.325991641162545e-07,0.3865153371810913,86.96,0.0
layer3.conv1,1,1,64,32,3,3,18432,123,149.85365853658536,99.33268229166666,0.9735772013664246,2.9463728225708006,20.12,66.83999999999999
layer3.conv1,1,2,64,32,3,3,18432,164,112.39024390243902,99.11024305555556,0.9709131717681885,3.086147689819336,18.49,68.47
layer3.conv1,1,4,64,32,3,3,18432,246,74.92682926829268,98.66536458333334,0.9673101902008057,3.348102684020996,13.12,73.83999999999999
layer3.conv1,1,8,64,32,3,3,18432,410,44.95609756097561,97.77560763888889,0.965997040271759,3.558741918182373,12.37,74.58999999999999
layer3.conv1,1,16,64,32,3,3,18432,738,24.975609756097562,95.99609375,0.9659389853477478,3.6151821853637696,12.44,74.52
layer3.conv1,1,32,64,32,3,3,18432,1394,13.222381635581062,92.43706597222221,0.9659379720687866,3.649485091018677,12.38,74.58
layer3.conv1,2,1,64,32,3,3,18432,196,94.04081632653062,98.93663194444444,0.9664967656135559,3.091152851104736,19.1,67.85999999999999
layer3.conv1,2,2,64,32,3,3,18432,246,74.92682926829268,98.66536458333334,0.9554099440574646,3.3627504913330077,15.24,71.72
layer3.conv1,2,4,64,32,3,3,18432,346,53.27167630057804,98.12282986111111,0.9478822350502014,4.279161285400391,10.95,76.00999999999999
layer3.conv1,2,8,64,32,3,3,18432,546,33.75824175824176,97.03776041666666,0.9416033625602722,3.569561315536499,12.24,74.72
layer3.conv1,2,16,64,32,3,3,18432,946,19.48414376321353,94.86762152777779,0.9400293231010437,3.3937280548095705,13.34,73.61999999999999
layer3.conv1,2,32,64,32,3,3,18432,1746,10.556701030927835,90.52734375,0.9399416446685791,3.498160406112671,12.86,74.1
layer3.conv1,4,1,64,32,3,3,18432,342,53.89473684210526,98.14453125,0.9609375,4.120188854980468,18.1,68.85999999999999
layer3.conv1,4,2,64,32,3,3,18432,410,44.95609756097561,97.77560763888889,0.9392945170402527,3.46744729385376,17.22,69.74
layer3.conv1,4,4,64,32,3,3,18432,546,33.75824175824176,97.03776041666666,0.9181142449378967,3.5478627323150635,16.9,70.06
layer3.conv1,4,8,64,32,3,3,18432,818,22.533007334963326,95.56206597222221,0.9034078121185303,3.6158679740905764,15.63,71.33
layer3.conv1,4,16,64,32,3,3,18432,1362,13.533039647577093,92.61067708333334,0.8943174481391907,3.821228141403198,15.85,71.11
layer3.conv1,4,32,64,32,3,3,18432,2450,7.523265306122449,86.70789930555556,0.8921792507171631,3.4853708747863767,16.63,70.33
layer3.conv1,8,1,64,32,3,3,18432,634,29.07255520504732,96.56032986111111,0.9579029679298401,4.7788472038269045,17.33,69.63
layer3.conv1,8,2,64,32,3,3,18432,738,24.975609756097562,95.99609375,0.9292550683021545,5.541502703857422,14.5,72.46
layer3.conv1,8,4,64,32,3,3,18432,946,19.48414376321353,94.86762152777779,0.8904270529747009,4.444066595458985,17.54,69.41999999999999
layer3.conv1,8,8,64,32,3,3,18432,1362,13.533039647577093,92.61067708333334,0.8483178615570068,4.743453636169433,13.97,72.99
layer3.conv1,8,16,64,32,3,3,18432,2194,8.401093892433911,88.09678819444444,0.8166903853416443,4.36589672088623,17.14,69.82
layer3.conv1,8,32,64,32,3,3,18432,3858,4.777604976671851,79.06901041666666,0.8046867251396179,3.4606814636230467,19.61,67.35
layer3.conv1,16,1,64,32,3,3,18432,1218,15.133004926108374,93.39192708333334,0.957828164100647,4.750290036773682,17.37,69.58999999999999
layer3.conv1,16,2,64,32,3,3,18432,1394,13.222381635581062,92.43706597222221,0.9253032803535461,5.631525025939942,14.51,72.44999999999999
layer3.conv1,16,4,64,32,3,3,18432,1746,10.556701030927835,90.52734375,0.8716268539428711,10.77539255065918,11.09,75.86999999999999
layer3.conv1,16,8,64,32,3,3,18432,2450,7.523265306122449,86.70789930555556,0.7942891716957092,3.5928728996276855,25.29,61.669999999999995
layer3.conv1,16,16,64,32,3,3,18432,3858,4.777604976671851,79.06901041666666,0.7092692852020264,5.150893472290039,27.96,58.99999999999999
layer3.conv1,16,32,64,32,3,3,18432,6674,2.7617620617320946,63.791232638888886,0.6548280715942383,2.3575552875518797,43.13,43.82999999999999
layer3.conv1,32,1,64,32,3,3,18432,2386,7.725062866722548,87.05512152777779,0.957828164100647,4.7503263412475585,17.37,69.58999999999999
layer3.conv1,32,2,64,32,3,3,18432,2706,6.811529933481153,85.31901041666666,0.925188422203064,5.616914852905273,14.53,72.42999999999999
layer3.conv1,32,4,64,32,3,3,18432,3346,5.508667065152421,81.84678819444444,0.8650657534599304,10.979617477416992,11.26,75.69999999999999
layer3.conv1,32,8,64,32,3,3,18432,4626,3.9844357976653697,74.90234375,0.7604361176490784,5.2754963043212895,18.64,68.32
layer3.conv1,32,16,64,32,3,3,18432,7186,2.5649874756470914,61.013454861111114,0.6030192375183105,4.1023046585083005,29.98,56.97999999999999
layer3.conv1,32,32,64,32,3,3,18432,12306,1.4978059483178938,33.235677083333336,0.41745102405548096,1.2336296585083009,65.07,21.89
layer3.conv1,64,1,64,32,3,3,18432,4722,3.903430749682338,74.38151041666667,0.957828164100647,4.7503022731781,17.37,69.58999999999999
layer3.conv1,64,2,64,32,3,3,18432,5330,3.4581613508442777,71.08289930555556,0.925188422203064,5.616813525390625,14.53,72.42999999999999
layer3.conv1,64,4,64,32,3,3,18432,6546,2.8157653528872593,64.48567708333333,0.8649311661720276,11.083711756896973,11.24,75.72
layer3.conv1,64,8,64,32,3,3,18432,8978,2.0530184896413455,51.291232638888886,0.7530280947685242,4.839467194366455,20.71,66.25
layer3.conv1,64,16,64,32,3,3,18432,13842,1.3315994798439532,24.90234375,0.5510755777359009,2.955684691619873,38.68,48.279999999999994
layer3.conv1,64,32,64,32,3,3,18432,23570,0.782011030971574,-27.875434027777768,1.2292814517422812e-06,0.3865133875846863,86.96,0.0
layer3.conv2,1,1,64,64,3,3,36864,155,237.83225806451614,99.57953559027779,0.9757426977157593,1.9609537914276123,39.23,47.73
layer3.conv2,1,2,64,64,3,3,36864,228,161.68421052631578,99.38151041666666,0.9692767858505249,1.9979608726501465,29.32,57.63999999999999
layer3.conv2,1,4,64,64,3,3,36864,374,98.56684491978609,98.98546006944444,0.9623970985412598,2.311444232177734,25.28,61.67999999999999
layer3.conv2,1,8,64,64,3,3,36864,666,55.351351351351354,98.193359375,0.96085524559021,2.288355583190918,24.85,62.10999999999999
layer3.conv2,1,16,64,64,3,3,36864,1250,29.4912,96.60915798611111,0.9607470035552979,2.3551420459747314,24.38,62.58
layer3.conv2,1,32,64,64,3,3,36864,2418,15.245657568238213,93.44075520833334,0.9607428908348083,2.3698014099121094,24.3,62.66
layer3.conv2,1,64,64,64,3,3,36864,4754,7.754312158182583,87.10394965277779,0.9607422947883606,2.3595546691894533,24.37,62.58999999999999
layer3.conv2,2,1,64,64,3,3,36864,228,161.68421052631578,99.38151041666666,0.9691901206970215,2.247339697265625,30.07,56.88999999999999
layer3.conv2,2,2,64,64,3,3,36864,310,118.91612903225807,99.15907118055556,0.9531147480010986,1.6162296047210694,45.77,41.18999999999999
layer3.conv2,2,4,64,64,3,3,36864,474,77.77215189873418,98.71419270833334,0.9381080269813538,1.7021094409942628,43.67,43.28999999999999
layer3.conv2,2,8,64,64,3,3,36864,802,45.96508728179551,97.82443576388889,0.9314321279525757,1.6999195568084717,43.6,43.35999999999999
layer3.conv2,2,16,64,64,3,3,36864,1458,25.28395061728395,96.044921875,0.9294894337654114,1.724020929145813,40.81,46.14999999999999
layer3.conv2,2,32,64,64,3,3,36864,2770,13.308303249097474,92.48589409722221,0.9292861223220825,1.7153017972946167,41.95,45.00999999999999
layer3.conv2,2,64,64,64,3,3,36864,5394,6.834260289210234,85.36783854166666,0.9291654229164124,1.853844640159607,40.36,46.599999999999994
layer3.conv2,4,1,64,64,3,3,36864,374,98.56684491978609,98.98546006944444,0.9679107069969177,2.264686030578613,30.13,56.83
layer3.conv2,4,2,64,64,3,3,36864,474,77.77215189873418,98.71419270833334,0.9406836032867432,1.8408547159194946,41.25,45.709999999999994
layer3.conv2,4,4,64,64,3,3,36864,674,54.69436201780415,98.17165798611111,0.9057197570800781,1.353962747001648,55.85,31.109999999999992
layer3.conv2,4,8,64,64,3,3,36864,1074,34.324022346368714,97.08658854166666,0.879848837852478,1.2294532030105592,58.02,28.93999999999999
layer3.conv2,4,16,64,64,3,3,36864,1874,19.671291355389542,94.91644965277779,0.8687809109687805,1.2921890338897706,58.17,28.789999999999992
layer3.conv2,4,32,64,64,3,3,36864,3474,10.61139896373057,90.576171875,0.8652371168136597,1.2770542285919189,56.91,30.049999999999997
layer3.conv2,4,64,64,64,3,3,36864,6674,5.523524123464189,81.89561631944444,0.865140438079834,1.2744640739440918,57.04,29.919999999999995
layer3.conv2,8,1,64,64,3,3,36864,666,55.351351351351354,98.193359375,0.9672541618347168,2.251513437271118,30.44,56.519999999999996
layer3.conv2,8,2,64,64,3,3,36864,802,45.96508728179551,97.82443576388889,0.9370219111442566,1.8745763313293458,40.45,46.50999999999999
layer3.conv2,8,4,64,64,3,3,36864,1074,34.324022346368714,97.08658854166666,0.8857213258743286,1.5362639545440673,50.56,36.39999999999999
layer3.conv2,8,8,64,64,3,3,36864,1618,22.783683559950557,95.61089409722221,0.8170859217643738,0.8659005630493164,70.98,15.97999999999999
layer3.conv2,8,16,64,64,3,3,36864,2706,13.623059866962306,92.65950520833334,0.7688708305358887,0.785810496711731,75.03,11.929999999999993
layer3.conv2,8,32,64,64,3,3,36864,4882,7.551003687013519,86.75672743055556,0.7479318976402283,0.7519513587951661,75.95,11.009999999999991
layer3.conv2,8,64,64,64,3,3,36864,9234,3.992202729044834,74.951171875,0.7434617280960083,0.7468371399879455,76.25,10.709999999999994
layer3.conv2,16,1,64,64,3,3,36864,1250,29.4912,96.60915798611111,0.9672263264656067,2.25167504196167,30.44,56.519999999999996
layer3.conv2,16,2,64,64,3,3,36864,1458,25.28395061728395,96.044921875,0.9360066652297974,1.8661091777801513,40.8,46.16
layer3.conv2,16,4,64,64,3,3,36864,1874,19.671291355389542,94.91644965277779,0.87940913438797,1.5522545127868652,49.55,37.41
layer3.conv2,16,8,64,64,3,3,36864,2706,13.623059866962306,92.65950520833334,0.7864249348640442,0.9557070896148682,68.48,18.47999999999999
layer3.conv2,16,16,64,64,3,3,36864,4370,8.435697940503433,88.14561631944444,0.6712368130683899,0.5314000932693481,81.75,5.209999999999994
layer3.conv2,16,32,64,64,3,3,36864,7698,4.788776305533905,79.11783854166666,0.5880645513534546,0.44861127614974977,84.61,2.3499999999999943
layer3.conv2,16,64,64,64,3,3,36864,14354,2.56820398495193,61.062282986111114,0.5566878914833069,0.443867955493927,84.74,2.219999999999999
layer3.conv2,32,1,64,64,3,3,36864,2418,15.245657568238213,93.44075520833334,0.9672262668609619,2.251673126220703,30.44,56.519999999999996
layer3.conv2,32,2,64,64,3,3,36864,2770,13.308303249097474,92.48589409722221,0.9359560012817383,1.865523558616638,40.79,46.169999999999995
layer3.conv2,32,4,64,64,3,3,36864,3474,10.61139896373057,90.576171875,0.8778995871543884,1.5532346920013427,49.79,37.169999999999995
layer3.conv2,32,8,64,64,3,3,36864,4882,7.551003687013519,86.75672743055556,0.7782151103019714,0.9548828882217407,68.49,18.47
layer3.conv2,32,16,64,64,3,3,36864,7698,4.788776305533905,79.11783854166666,0.6231938600540161,0.5263196668624878,82.05,4.909999999999997
layer3.conv2,32,32,64,64,3,3,36864,13330,2.765491372843211,63.840060763888886,0.4447261095046997,0.4144160720825195,86.16,0.7999999999999972
layer3.conv2,32,64,64,64,3,3,36864,24594,1.4989021712612833,33.284505208333336,0.3140348494052887,0.3951713397026062,86.68,0.2799999999999869
layer3.conv2,64,1,64,64,3,3,36864,4754,7.754312158182583,87.10394965277779,0.9672263264656067,2.2516740577697756,30.44,56.519999999999996
layer3.conv2,64,2,64,64,3,3,36864,5394,6.834260289210234,85.36783854166666,0.9359560608863831,1.8655295707702637,40.79,46.169999999999995
layer3.conv2,64,4,64,64,3,3,36864,6674,5.523524123464189,81.89561631944444,0.8778474926948547,1.5527937591552734,49.77,37.18999999999999
layer3.conv2,64,8,64,64,3,3,36864,9234,3.992202729044834,74.951171875,0.776576578617096,0.953226256942749,68.61,18.349999999999994
layer3.conv2,64,16,64,64,3,3,36864,14354,2.56820398495193,61.062282986111114,0.6124085783958435,0.5248724600791931,82.18,4.779999999999987
layer3.conv2,64,32,64,64,3,3,36864,24594,1.4989021712612833,33.284505208333336,0.38707271218299866,0.4136883435249329,86.12,0.8399999999999892
layer3.conv2,64,64,64,64,3,3,36864,45074,0.8178550827528065,-22.271050347222232,1.1803737152149552e-06,0.38651372904777526,86.96,0.0
